epoch,train_loss,train_accuracy,train_auroc,elapsed_minutes
1,1.1357514108000524,0.6760155728881169,0.7382125939128731,9.410970231666822
2,1.0477276126916595,0.7179180673240125,0.782328085501829,9.302793594999821
3,1.0035487489513824,0.7360930410720065,0.8010055054289994,9.26693250499981
4,0.968390564761233,0.74833324527629,0.8150384027426885,13.680295848333481
5,0.9335282133029098,0.7594680584082368,0.8262217049983928,35.71039790833335
6,0.9088509858803623,0.7675046395054717,0.8341553858912768,15.00416072666679
7,0.8940696072150773,0.7743111737783737,0.8396203136634707,55.03075405166673
8,0.8635852969192631,0.7795401110839602,0.8488540203395704,9.348110453333357
9,0.8435661190839422,0.7842935403554423,0.8554619564536962,9.387338833333342
