fold,epoch,train_loss,validation_loss,learning_rate,elapsed_minutes,macro_auroc,macro_precision,macro_recall,macro_f1,micro_f1,weighted_f1
1,1,1.141723174514035,1.0629957377983013,0.0001,8.951912743333256,0.7723880680884668,0.09369959424724063,0.6857261103071821,0.15422255833856152,0.17585364927950609,0.24540054117683752
1,2,1.0588551385114966,1.036445223896932,0.0001,9.249762038333332,0.7894852516106828,0.10002009838135492,0.6932574015996714,0.16394847993353062,0.18921098200949096,0.25849864762630254
1,3,1.0234914403723803,0.9933351371492256,0.0001,8.860751276666754,0.8071620921184767,0.10411745867784315,0.7156879207192738,0.17270928660534576,0.20210229013735495,0.26351731369519416
1,4,0.98395829389799,1.0155146350861424,0.0001,8.899096075000005,0.8032544026644912,0.10716606440509144,0.6933129935137765,0.17455230112223835,0.19851720703773376,0.2668020590834887
1,5,0.9553089533281247,1.0021621172048487,0.0001,8.85671925,0.8033865417613025,0.11243931819803689,0.6749685150581277,0.1792501435789621,0.20603166020846475,0.27448912942347736
1,6,0.9161849851658898,1.0098278676183112,0.0001,8.848107840000011,0.8146753967294504,0.10508550292682657,0.73782403140577,0.1736657685462671,0.19835548108023848,0.266322583628975
1,7,0.8974364783993403,1.0028186039587037,0.0001,10.744356076666737,0.8107717666456796,0.10821814598007277,0.7214195352318284,0.17786222229099583,0.2021770361365897,0.2652667255245089
1,8,0.8763286674083799,1.0094684694237923,0.0001,21.553925914999976,0.8157220887312941,0.1238252606332859,0.6690566281021464,0.1945457381026286,0.22364384954808655,0.29246153054551616
1,9,0.8356433015631761,1.029311483271368,0.0001,37.05682460499993,0.8224688543472458,0.12096931339160191,0.6871458429908616,0.19419783827473802,0.22341222756510334,0.28636893842807165
1,10,0.8167843270208841,1.0709405914479073,0.0001,35.0896020716665,0.8168383380775035,0.12326070112370537,0.6905408006601643,0.19986130189865153,0.2253340850564554,0.2865243844760164
1,11,0.7867108506709392,1.0413413640389428,0.0001,16.285428531666792,0.819556337398974,0.12342034458363003,0.6693351353397397,0.19771785471310016,0.2367054791068098,0.29023274897857515
1,12,0.7547954067449032,1.1262267113069793,0.0001,8.963319934999891,0.8184368409869007,0.13295236213180142,0.679760985475336,0.21170895803250475,0.2312610956622834,0.28545124594196014
1,13,0.7233100632549563,1.2047623221404957,0.0001,8.932117128333145,0.8179875181403885,0.13605366573700658,0.6353864194798201,0.2144807099865302,0.24570853982618687,0.2941916631998061
1,14,0.6965432866248807,1.1910103401803207,0.0001,8.950785936666701,0.8184931488028099,0.13774010369953618,0.6528484623140255,0.21808932561896835,0.24301860545992002,0.29172333792523275
