fold,epoch,train_loss,validation_loss,macro_auroc,macro_precision,macro_recall,macro_f1,micro_f1,weighted_f1,learning_rate
1,1,1.1443698213032767,1.054995119975049,0.7812212531338891,0.09759107974534628,0.708767966240066,0.1572746842516198,0.1625121783142837,0.2545480599558879,0.0001
1,2,1.057200807342893,1.032138044558747,0.7944837353811431,0.10538302922617766,0.6832443055168765,0.17092386001650595,0.1936632351723567,0.2651468124118461,0.0001
1,3,1.0168750700429259,1.0207181033683255,0.7980809073232941,0.1043956308185211,0.7119656900614121,0.17032511249927174,0.19008601952234794,0.264032383544197,0.0001
1,4,0.9709358685807113,1.0061417299489397,0.8083409768648812,0.10255829078863514,0.7258814303624366,0.16915919445833866,0.1946489075826615,0.2650840673268734,0.0001
1,5,0.9533580126767212,1.0019685301788148,0.8070611529253618,0.11472308355334017,0.6869651546770854,0.1846087140342064,0.2066372452238546,0.2793183506946297,0.0001
1,6,0.9121846434940386,0.9909621966402984,0.8218297214757807,0.11493824075276651,0.7210000617606919,0.18729018460192756,0.2135154873909868,0.28163725868440675,0.0001
1,7,0.8935967549852768,1.0463347597445987,0.8044080670370988,0.11622897247747603,0.6614637609443015,0.18367545400412152,0.21343012704174227,0.2822084117933135,0.0001
1,8,0.8725463704209883,1.037932858285623,0.8173545891993993,0.11815400067430257,0.6928789635661836,0.19150546939745725,0.22432519625766212,0.2835535126988147,0.0001
1,9,0.8346097471464874,1.0548289136452482,0.8247265220611888,0.13278662487071533,0.6548463550375586,0.2095719486377203,0.2491746245873123,0.3020288141797451,0.0001
1,10,0.8227406021058796,1.0405830234863187,0.8259135718426222,0.12720670350719526,0.6647032172738259,0.2037190875265054,0.23724322964701935,0.29079706263894023,0.0001
1,11,0.7834675941362599,1.0577205708238013,0.8246453839296513,0.12922531581614885,0.6737124298061982,0.20488626202751986,0.23632926849667954,0.29780949323555284,0.0001
1,12,0.7605856422414812,1.0587189734185491,0.8241378781119223,0.12387410401823455,0.6883508844618335,0.2007034613197987,0.22968803565306822,0.2892474557882187,0.0001
1,13,0.732646073800541,1.1496772477070918,0.8211572604546904,0.13812783437129172,0.6518907501349532,0.21682948286210935,0.2424296149209276,0.29965592702884913,5e-05
1,14,0.6433968846510574,1.3413875982879842,0.8236867552550075,0.15779431830271892,0.6165311537622785,0.24040808138583974,0.27047759973520763,0.3103251784107838,5e-05
1,15,0.5932062872172246,1.4346624935464176,0.8212388301924002,0.15713837889030186,0.5930181475008071,0.24170890499446154,0.2810480030799781,0.3101730269246173,5e-05
